Record,Clump,Cell_Size,Cell_Shape,Adhesion,Epithelial,Nuclei,Chromatin,Nucleoli,Mitoses,Cancer
1,5,1,1,1,2,1,3,1,1,2
2,5,4,4,5,7,10,3,2,1,2
3,3,1,1,1,2,2,3,1,1,2
4,6,8,8,1,3,4,3,7,1,2
5,4,1,1,3,2,1,3,1,1,2
6,8,10,10,8,7,10,9,7,1,4
7,1,1,1,1,2,10,3,1,1,2
8,2,1,2,1,2,1,3,1,1,2
9,2,1,1,1,2,1,1,1,5,2
10,4,2,1,1,2,1,2,1,1,2
11,1,1,1,1,1,1,3,1,1,2
12,2,1,1,1,2,1,2,1,1,2
13,5,3,3,3,2,3,4,4,1,4
14,1,1,1,1,2,3,3,1,1,2
15,8,7,5,10,7,9,5,5,4,4
16,7,4,6,4,6,1,4,3,1,4
17,4,1,1,1,2,1,2,1,1,2
18,4,1,1,1,2,1,3,1,1,2
19,10,7,7,6,4,10,4,1,2,4
20,6,1,1,1,2,1,3,1,1,2
21,7,3,2,10,5,10,5,4,4,4
22,10,5,5,3,6,7,7,10,1,4
23,3,1,1,1,2,1,2,1,1,2
24,1,1,1,1,2,1,3,1,1,2
25,5,2,3,4,2,7,3,6,1,4
26,3,2,1,1,1,1,2,1,1,2
27,5,1,1,1,2,1,2,1,1,2
28,2,1,1,1,2,1,2,1,1,2
29,1,1,3,1,2,1,1,1,1,2
30,3,1,1,1,1,1,2,1,1,2
31,2,1,1,1,2,1,3,1,1,2
32,10,7,7,3,8,5,7,4,3,4
33,2,1,1,2,2,1,3,1,1,2
34,3,1,2,1,2,1,2,1,1,2
35,2,1,1,1,2,1,2,1,1,2
36,10,10,10,8,6,1,8,9,1,4
37,6,2,1,1,1,1,7,1,1,2
38,5,4,4,9,2,10,5,6,1,4
39,2,5,3,3,6,7,7,5,1,4
40,10,4,3,1,3,3,6,5,2,4
41,6,10,10,2,8,10,7,3,3,4
42,5,6,5,6,10,1,3,1,1,4
43,10,10,10,4,8,1,8,10,1,4
44,1,1,1,1,2,1,2,1,2,2
45,3,7,7,4,4,9,4,8,1,4
46,1,1,1,1,2,1,2,1,1,2
47,4,1,1,3,2,1,3,1,1,2
48,7,8,7,2,4,8,3,8,2,4
49,9,5,8,1,2,3,2,1,5,4
50,5,3,3,4,2,4,3,4,1,4
51,10,3,6,2,3,5,4,10,2,4
52,5,5,5,8,10,8,7,3,7,4
53,10,5,5,6,8,8,7,1,1,4
54,10,6,6,3,4,5,3,6,1,4
55,8,10,10,1,3,6,3,9,1,4
56,8,2,4,1,5,1,5,4,4,4
57,5,2,3,1,6,10,5,1,1,4
58,9,5,5,2,2,2,5,1,1,4
59,5,3,5,5,3,3,4,10,1,4
60,1,1,1,1,2,2,2,1,1,2
61,9,10,10,1,10,8,3,3,1,4
62,6,3,4,1,5,2,3,9,1,4
63,1,1,1,1,2,1,2,1,1,2
64,10,4,2,1,3,2,4,3,10,4
65,4,1,1,1,2,1,3,1,1,2
66,5,3,4,1,8,10,4,9,1,4
67,8,3,8,3,4,9,8,9,8,4
68,1,1,1,1,2,1,3,2,1,2
69,5,1,3,1,2,1,2,1,1,2
70,6,10,2,8,10,2,7,8,10,4
71,1,3,3,2,2,1,7,2,1,2
72,9,4,5,10,6,10,4,8,1,4
73,10,6,4,1,3,4,3,2,3,4
74,1,1,2,1,2,2,4,2,1,2
75,1,1,4,1,2,1,2,1,1,2
76,5,3,1,2,2,1,2,1,1,2
77,3,1,1,1,2,3,3,1,1,2
78,2,1,1,1,3,1,2,1,1,2
79,2,2,2,1,1,1,7,1,1,2
80,4,1,1,2,2,1,2,1,1,2
81,5,2,1,1,2,1,3,1,1,2
82,3,1,1,1,2,2,7,1,1,2
83,3,5,7,8,8,9,7,10,7,4
84,5,10,6,1,10,4,4,10,10,4
85,3,3,6,4,5,8,4,4,1,4
86,3,6,6,6,5,10,6,8,3,4
87,4,1,1,1,2,1,3,1,1,2
88,2,1,1,2,3,1,2,1,1,2
89,1,1,1,1,2,1,3,1,1,2
90,3,1,1,2,2,1,1,1,1,2
91,4,1,1,1,2,1,3,1,1,2
92,1,1,1,1,2,1,2,1,1,2
93,2,1,1,1,2,1,3,1,1,2
94,1,1,1,1,2,1,3,1,1,2
95,2,1,1,2,2,1,1,1,1,2
96,5,1,1,1,2,1,3,1,1,2
97,9,6,9,2,10,6,2,9,10,4
98,7,5,6,10,5,10,7,9,4,4
99,10,3,5,1,10,5,3,10,2,4
100,2,3,4,4,2,5,2,5,1,4
101,4,1,2,1,2,1,3,1,1,2
102,8,2,3,1,6,3,7,1,1,4
103,10,10,10,10,10,1,8,8,8,4
104,7,3,4,4,3,3,3,2,7,4
105,10,10,10,8,2,10,4,1,1,4
106,1,6,8,10,8,10,5,7,1,4
107,1,1,1,1,2,1,2,3,1,2
108,6,5,4,4,3,9,7,8,3,4
109,1,3,1,2,2,2,5,3,2,2
110,8,6,4,3,5,9,3,1,1,4
111,10,3,3,10,2,10,7,3,3,4
112,10,10,10,3,10,8,8,1,1,4
113,3,3,2,1,2,3,3,1,1,2
114,1,1,1,1,2,5,1,1,1,2
115,8,3,3,1,2,2,3,2,1,2
116,4,5,5,10,4,10,7,5,8,4
117,1,1,1,1,4,3,1,1,1,2
118,3,2,1,1,2,2,3,1,1,2
119,1,1,2,2,2,1,3,1,1,2
120,4,2,1,1,2,2,3,1,1,2
121,10,10,10,2,10,10,5,3,3,4
122,5,3,5,1,8,10,5,3,1,4
123,5,4,6,7,9,7,8,10,1,4
124,1,1,1,1,2,1,2,1,1,2
125,7,5,3,7,4,10,7,5,5,4
126,3,1,1,1,2,1,3,1,1,2
127,8,3,5,4,5,10,1,6,2,4
128,1,1,1,1,10,1,1,1,1,2
129,5,1,3,1,2,1,2,1,1,2
130,2,1,1,1,2,1,3,1,1,2
131,5,10,8,10,8,10,3,6,3,4
132,3,1,1,1,2,1,2,2,1,2
133,3,1,1,1,3,1,2,1,1,2
134,5,1,1,1,2,2,3,3,1,2
135,4,1,1,1,2,1,2,1,1,2
136,3,1,1,1,2,1,1,1,1,2
137,4,1,2,1,2,1,2,1,1,2
138,3,1,1,1,2,1,1,1,1,2
139,2,1,1,1,2,1,1,1,1,2
140,9,5,5,4,4,5,4,3,3,4
141,1,1,1,1,2,5,1,1,1,2
142,2,1,1,1,2,1,2,1,1,2
143,3,4,5,2,6,8,4,1,1,4
144,1,1,1,1,3,2,2,1,1,2
145,3,1,1,3,8,1,5,8,1,2
146,8,8,7,4,10,10,7,8,7,4
147,1,1,1,1,1,1,3,1,1,2
148,7,2,4,1,6,10,5,4,3,4
149,10,10,8,6,4,5,8,10,1,4
150,4,1,1,1,2,3,1,1,1,2
151,1,1,1,1,2,1,1,1,1,2
152,5,5,5,6,3,10,3,1,1,4
153,1,2,2,1,2,1,2,1,1,2
154,2,1,1,1,2,1,3,1,1,2
155,9,9,10,3,6,10,7,10,6,4
156,10,7,7,4,5,10,5,7,2,4
157,4,1,1,1,2,1,3,2,1,2
158,3,1,1,1,2,1,3,1,1,2
159,1,1,1,2,1,3,1,1,7,2
160,4,1,1,1,2,2,3,2,1,2
161,5,6,7,8,8,10,3,10,3,4
162,10,8,10,10,6,1,3,1,10,4
163,3,1,1,1,2,1,3,1,1,2
164,1,1,1,2,1,1,1,1,1,2
165,3,1,1,1,2,1,1,1,1,2
166,1,1,1,1,2,1,3,1,1,2
167,1,1,1,1,2,1,2,1,1,2
168,6,10,10,10,8,10,10,10,7,4
169,8,6,5,4,3,10,6,1,1,4
170,5,8,7,7,10,10,5,7,1,4
171,2,1,1,1,2,1,3,1,1,2
172,5,10,10,3,8,1,5,10,3,4
173,4,1,1,1,2,1,3,1,1,2
174,5,3,3,3,6,10,3,1,1,4
175,1,1,1,1,1,1,3,1,1,2
176,1,1,1,1,2,1,1,1,1,2
177,6,1,1,1,2,1,3,1,1,2
178,5,8,8,8,5,10,7,8,1,4
179,8,7,6,4,4,10,5,1,1,4
180,2,1,1,1,1,1,3,1,1,2
181,1,5,8,6,5,8,7,10,1,4
182,10,5,6,10,6,10,7,7,10,4
183,5,8,4,10,5,8,9,10,1,4
184,1,2,3,1,2,1,3,1,1,2
185,10,10,10,8,6,8,7,10,1,4
186,7,5,10,10,10,10,4,10,3,4
187,5,1,1,1,2,1,2,1,1,2
188,1,1,1,1,2,1,3,1,1,2
189,3,1,1,1,2,1,3,1,1,2
190,4,1,1,1,2,1,3,1,1,2
191,8,4,4,5,4,7,7,8,2,2
192,5,1,1,4,2,1,3,1,1,2
193,1,1,1,1,2,1,1,1,1,2
194,3,1,1,1,2,1,2,1,1,2
195,9,7,7,5,5,10,7,8,3,4
196,10,8,8,4,10,10,8,1,1,4
197,1,1,1,1,2,1,3,1,1,2
198,5,1,1,1,2,1,3,1,1,2
199,1,1,1,1,2,1,3,1,1,2
200,5,10,10,9,6,10,7,10,5,4
201,10,10,9,3,7,5,3,5,1,4
202,1,1,1,1,1,1,3,1,1,2
203,1,1,1,1,1,1,3,1,1,2
204,5,1,1,1,1,1,3,1,1,2
205,8,10,10,10,5,10,8,10,6,4
206,8,10,8,8,4,8,7,7,1,4
207,1,1,1,1,2,1,3,1,1,2
208,10,10,10,10,7,10,7,10,4,4
209,10,10,10,10,3,10,10,6,1,4
210,8,7,8,7,5,5,5,10,2,4
211,1,1,1,1,2,1,2,1,1,2
212,1,1,1,1,2,1,3,1,1,2
213,6,10,7,7,6,4,8,10,2,4
214,6,1,3,1,2,1,3,1,1,2
215,1,1,1,2,2,1,3,1,1,2
216,10,6,4,3,10,10,9,10,1,4
217,4,1,1,3,1,5,2,1,1,4
218,7,5,6,3,3,8,7,4,1,4
219,10,5,5,6,3,10,7,9,2,4
220,1,1,1,1,2,1,2,1,1,2
221,10,5,7,4,4,10,8,9,1,4
222,8,9,9,5,3,5,7,7,1,4
223,1,1,1,1,1,1,3,1,1,2
224,10,10,10,3,10,10,9,10,1,4
225,7,4,7,4,3,7,7,6,1,4
226,6,8,7,5,6,8,8,9,2,4
227,8,4,6,3,3,1,4,3,1,2
228,10,4,5,5,5,10,4,1,1,4
229,3,3,2,1,3,1,3,6,1,2
230,10,8,8,2,8,10,4,8,10,4
231,9,8,8,5,6,2,4,10,4,4
232,8,10,10,8,6,9,3,10,10,4
233,10,4,3,2,3,10,5,3,2,4
234,5,1,3,3,2,2,2,3,1,2
235,3,1,1,3,1,1,3,1,1,2
236,2,1,1,1,2,1,3,1,1,2
237,1,1,1,1,2,5,5,1,1,2
238,1,1,1,1,2,1,3,1,1,2
239,5,1,1,2,2,2,3,1,1,2
240,8,10,10,8,5,10,7,8,1,4
241,8,4,4,1,2,9,3,3,1,4
242,4,1,1,1,2,1,3,6,1,2
243,1,2,2,1,2,1,1,1,1,2
244,10,4,4,10,2,10,5,3,3,4
245,6,3,3,5,3,10,3,5,3,2
246,6,10,10,2,8,10,7,3,3,4
247,9,10,10,1,10,8,3,3,1,4
248,5,6,6,2,4,10,3,6,1,4
249,3,1,1,1,2,1,1,1,1,2
250,3,1,1,1,2,1,2,1,1,2
251,3,1,1,1,2,1,3,1,1,2
252,5,7,7,1,5,8,3,4,1,2
253,10,5,8,10,3,10,5,1,3,4
254,5,10,10,6,10,10,10,6,5,4
255,8,8,9,4,5,10,7,8,1,4
256,10,4,4,10,6,10,5,5,1,4
257,7,9,4,10,10,3,5,3,3,4
258,5,1,4,1,2,1,3,2,1,2
259,10,10,6,3,3,10,4,3,2,4
260,3,3,5,2,3,10,7,1,1,4
261,10,8,8,2,3,4,8,7,8,4
262,1,1,1,1,2,1,3,1,1,2
263,8,4,7,1,3,10,3,9,2,4
264,5,1,1,1,2,1,3,1,1,2
265,3,3,5,2,3,10,7,1,1,4
266,7,2,4,1,3,4,3,3,1,4
267,3,1,1,1,2,1,3,2,1,2
268,3,1,1,1,2,1,2,1,1,2
269,1,1,1,1,2,1,2,1,1,2
270,1,1,1,1,2,1,3,1,1,2
271,10,5,7,3,3,7,3,3,8,4
272,3,1,1,1,2,1,3,1,1,2
273,2,1,1,2,2,1,3,1,1,2
274,1,4,3,10,4,10,5,6,1,4
275,10,4,6,1,2,10,5,3,1,4
276,7,4,5,10,2,10,3,8,2,4
277,8,10,10,10,8,10,10,7,3,4
278,10,10,10,10,10,10,4,10,10,4
279,3,1,1,1,3,1,2,1,1,2
280,6,1,3,1,4,5,5,10,1,4
281,5,6,6,8,6,10,4,10,4,4
282,1,1,1,1,2,1,1,1,1,2
283,1,1,1,1,2,1,3,1,1,2
284,10,4,4,6,2,10,2,3,1,4
285,5,5,7,8,6,10,7,4,1,4
286,5,3,4,3,4,5,4,7,1,2
287,8,2,1,1,5,1,1,1,1,2
288,9,1,2,6,4,10,7,7,2,4
289,8,4,10,5,4,4,7,10,1,4
290,1,1,1,1,2,1,3,1,1,2
291,10,10,10,7,9,10,7,10,10,4
292,1,1,1,1,2,1,3,1,1,2
293,8,3,4,9,3,10,3,3,1,4
294,10,8,4,4,4,10,3,10,4,4
295,1,1,1,1,2,1,3,1,1,2
296,1,1,1,1,2,1,3,1,1,2
297,7,8,7,6,4,3,8,8,4,4
298,3,1,1,1,2,5,5,1,1,2
299,2,1,1,1,3,1,2,1,1,2
300,1,1,1,1,2,1,1,1,1,2
301,8,6,4,10,10,1,3,5,1,4
302,1,1,1,1,2,1,1,1,1,2
303,1,1,1,1,1,1,2,1,1,2
304,5,5,5,2,5,10,4,3,1,4
305,6,8,7,8,6,8,8,9,1,4
306,1,1,1,1,5,1,3,1,1,2
307,4,4,4,4,6,5,7,3,1,2
308,7,6,3,2,5,10,7,4,6,4
309,3,1,1,1,2,1,3,1,1,2
310,5,4,6,10,2,10,4,1,1,4
311,1,1,1,1,2,1,3,1,1,2
312,3,2,2,1,2,1,2,3,1,2
313,10,1,1,1,2,10,5,4,1,4
314,1,1,1,1,2,1,2,1,1,2
315,8,10,3,2,6,4,3,10,1,4
316,10,4,6,4,5,10,7,1,1,4
317,10,4,7,2,2,8,6,1,1,4
318,5,1,1,1,2,1,3,1,2,2
319,5,2,2,2,2,1,2,2,1,2
320,5,4,6,6,4,10,4,3,1,4
321,8,6,7,3,3,10,3,4,2,4
322,1,1,1,1,2,1,1,1,1,2
323,6,5,5,8,4,10,3,4,1,4
324,1,1,1,1,2,1,3,1,1,2
325,1,1,1,1,1,1,2,1,1,2
326,8,5,5,5,2,10,4,3,1,4
327,10,3,3,1,2,10,7,6,1,4
328,1,1,1,1,2,1,3,1,1,2
329,2,1,1,1,2,1,1,1,1,2
330,1,1,1,1,2,1,1,1,1,2
331,7,6,4,8,10,10,9,5,3,4
332,1,1,1,1,2,1,1,1,1,2
333,5,2,2,2,3,1,1,3,1,2
334,1,1,1,1,1,1,1,3,1,2
335,3,4,4,10,5,1,3,3,1,4
336,4,2,3,5,3,8,7,6,1,4
337,5,1,1,3,2,1,1,1,1,2
338,2,1,1,1,2,1,3,1,1,2
339,3,4,5,3,7,3,4,6,1,2
340,2,7,10,10,7,10,4,9,4,4
341,1,1,1,1,2,1,2,1,1,2
342,4,1,1,1,3,1,2,2,1,2
343,5,3,3,1,3,3,3,3,3,4
344,8,10,10,7,10,10,7,3,8,4
345,8,10,5,3,8,4,4,10,3,4
346,10,3,5,4,3,7,3,5,3,4
347,6,10,10,10,10,10,8,10,10,4
348,3,10,3,10,6,10,5,1,4,4
349,3,2,2,1,4,3,2,1,1,2
350,4,4,4,2,2,3,2,1,1,2
351,2,1,1,1,2,1,3,1,1,2
352,2,1,1,1,2,1,2,1,1,2
353,6,10,10,10,8,10,7,10,7,4
354,5,8,8,10,5,10,8,10,3,4
355,1,1,3,1,2,1,1,1,1,2
356,1,1,3,1,1,1,2,1,1,2
357,4,3,2,1,3,1,2,1,1,2
358,1,1,3,1,2,1,1,1,1,2
359,4,1,2,1,2,1,2,1,1,2
360,5,1,1,2,2,1,2,1,1,2
361,3,1,2,1,2,1,2,1,1,2
362,1,1,1,1,2,1,1,1,1,2
363,1,1,1,1,2,1,2,1,1,2
364,1,1,1,1,1,1,2,1,1,2
365,3,1,1,4,3,1,2,2,1,2
366,5,3,4,1,4,1,3,1,1,2
367,1,1,1,1,2,1,1,1,1,2
368,10,6,3,6,4,10,7,8,4,4
369,3,2,2,2,2,1,3,2,1,2
370,2,1,1,1,2,1,1,1,1,2
371,2,1,1,1,2,1,1,1,1,2
372,3,3,2,2,3,1,1,2,3,2
373,7,6,6,3,2,10,7,1,1,4
374,5,3,3,2,3,1,3,1,1,2
375,2,1,1,1,2,1,2,2,1,2
376,5,1,1,1,3,2,2,2,1,2
377,1,1,1,2,2,1,2,1,1,2
378,10,8,7,4,3,10,7,9,1,4
379,3,1,1,1,2,1,2,1,1,2
380,1,1,1,1,1,1,1,1,1,2
381,1,2,3,1,2,1,2,1,1,2
382,3,1,1,1,2,1,2,1,1,2
383,3,1,1,1,2,1,3,1,1,2
384,4,1,1,1,2,1,1,1,1,2
385,3,2,1,1,2,1,2,2,1,2
386,1,2,3,1,2,1,1,1,1,2
387,3,10,8,7,6,9,9,3,8,4
388,3,1,1,1,2,1,1,1,1,2
389,5,3,3,1,2,1,2,1,1,2
390,3,1,1,1,2,4,1,1,1,2
391,1,2,1,3,2,1,1,2,1,2
392,1,1,1,1,2,1,2,1,1,2
393,4,2,2,1,2,1,2,1,1,2
394,1,1,1,1,2,1,2,1,1,2
395,2,3,2,2,2,2,3,1,1,2
396,3,1,2,1,2,1,2,1,1,2
397,1,1,1,1,2,1,2,1,1,2
398,10,10,10,6,8,4,8,5,1,4
399,5,1,2,1,2,1,3,1,1,2
400,8,5,6,2,3,10,6,6,1,4
401,3,3,2,6,3,3,3,5,1,2
402,8,7,8,5,10,10,7,2,1,4
403,1,1,1,1,2,1,2,1,1,2
404,5,2,2,2,2,2,3,2,2,2
405,2,3,1,1,5,1,1,1,1,2
406,3,2,2,3,2,3,3,1,1,2
407,10,10,10,7,10,10,8,2,1,4
408,4,3,3,1,2,1,3,3,1,2
409,5,1,3,1,2,1,2,1,1,2
410,3,1,1,1,2,1,1,1,1,2
411,9,10,10,10,10,10,10,10,1,4
412,5,3,6,1,2,1,1,1,1,2
413,8,7,8,2,4,2,5,10,1,4
414,1,1,1,1,2,1,2,1,1,2
415,2,1,1,1,2,1,2,1,1,2
416,1,3,1,1,2,1,2,2,1,2
417,5,1,1,3,4,1,3,2,1,2
418,5,1,1,1,2,1,2,2,1,2
419,3,2,2,3,2,1,1,1,1,2
420,6,9,7,5,5,8,4,2,1,2
421,10,8,10,1,3,10,5,1,1,4
422,10,10,10,1,6,1,2,8,1,4
423,4,1,1,1,2,1,1,1,1,2
424,4,1,3,3,2,1,1,1,1,2
425,5,1,1,1,2,1,1,1,1,2
426,10,4,3,10,4,10,10,1,1,4
427,5,2,2,4,2,4,1,1,1,2
428,1,1,1,3,2,3,1,1,1,2
429,1,1,1,1,2,2,1,1,1,2
430,5,1,1,6,3,1,2,1,1,2
431,2,1,1,1,2,1,1,1,1,2
432,1,1,1,1,2,1,1,1,1,2
433,5,1,1,1,2,1,1,1,1,2
434,1,1,1,1,1,1,1,1,1,2
435,5,7,9,8,6,10,8,10,1,4
436,4,1,1,3,1,1,2,1,1,2
437,5,1,1,1,2,1,1,1,1,2
438,3,1,1,3,2,1,1,1,1,2
439,4,5,5,8,6,10,10,7,1,4
440,2,3,1,1,3,1,1,1,1,2
441,10,2,2,1,2,6,1,1,2,4
442,10,6,5,8,5,10,8,6,1,4
443,8,8,9,6,6,3,10,10,1,4
444,5,1,2,1,2,1,1,1,1,2
445,5,1,3,1,2,1,1,1,1,2
446,5,1,1,3,2,1,1,1,1,2
447,3,1,1,1,2,5,1,1,1,2
448,6,1,1,3,2,1,1,1,1,2
449,4,1,1,1,2,1,1,2,1,2
450,4,1,1,1,2,1,1,1,1,2
451,10,9,8,7,6,4,7,10,3,4
452,10,6,6,2,4,10,9,7,1,4
453,6,6,6,5,4,10,7,6,2,4
454,4,1,1,1,2,1,1,1,1,2
455,1,1,2,1,2,1,2,1,1,2
456,3,1,1,1,1,1,2,1,1,2
457,6,1,1,3,2,1,1,1,1,2
458,6,1,1,1,1,1,1,1,1,2
459,4,1,1,1,2,1,1,1,1,2
460,5,1,1,1,2,1,1,1,1,2
461,3,1,1,1,2,1,1,1,1,2
462,4,1,2,1,2,1,1,1,1,2
463,4,1,1,1,2,1,1,1,1,2
464,5,2,1,1,2,1,1,1,1,2
465,4,8,7,10,4,10,7,5,1,4
466,5,1,1,1,1,1,1,1,1,2
467,5,3,2,4,2,1,1,1,1,2
468,9,10,10,10,10,5,10,10,10,4
469,8,7,8,5,5,10,9,10,1,4
470,5,1,2,1,2,1,1,1,1,2
471,1,1,1,3,1,3,1,1,1,2
472,3,1,1,1,1,1,2,1,1,2
473,10,10,10,10,6,10,8,1,5,4
474,3,6,4,10,3,3,3,4,1,4
475,6,3,2,1,3,4,4,1,1,4
476,1,1,1,1,2,1,1,1,1,2
477,5,8,9,4,3,10,7,1,1,4
478,4,1,1,1,1,1,2,1,1,2
479,5,10,10,10,6,10,6,5,2,4
480,5,1,2,10,4,5,2,1,1,2
481,3,1,1,1,1,1,2,1,1,2
482,1,1,1,1,1,1,1,1,1,2
483,4,2,1,1,2,1,1,1,1,2
484,4,1,1,1,2,1,2,1,1,2
485,4,1,1,1,2,1,2,1,1,2
486,6,1,1,1,2,1,3,1,1,2
487,4,1,1,1,2,1,2,1,1,2
488,4,1,1,2,2,1,2,1,1,2
489,4,1,1,1,2,1,3,1,1,2
490,1,1,1,1,2,1,1,1,1,2
491,3,3,1,1,2,1,1,1,1,2
492,8,10,10,10,7,5,4,8,7,4
493,1,1,1,1,2,4,1,1,1,2
494,5,1,1,1,2,1,1,1,1,2
495,2,1,1,1,2,1,1,1,1,2
496,1,1,1,1,2,1,1,1,1,2
497,5,1,1,1,2,1,2,1,1,2
498,5,1,1,1,2,1,1,1,1,2
499,3,1,1,1,1,1,2,1,1,2
500,6,6,7,10,3,10,8,10,2,4
501,4,10,4,7,3,10,9,10,1,4
502,1,1,1,1,1,1,1,1,1,2
503,1,1,1,1,1,1,2,1,1,2
504,3,1,2,2,2,1,1,1,1,2
505,4,7,8,3,4,10,9,1,1,4
506,1,1,1,1,3,1,1,1,1,2
507,4,1,1,1,3,1,1,1,1,2
508,10,4,5,4,3,5,7,3,1,4
509,7,5,6,10,4,10,5,3,1,4
510,3,1,1,1,2,1,2,1,1,2
511,3,1,1,2,2,1,1,1,1,2
512,4,1,1,1,2,1,1,1,1,2
513,4,1,1,1,2,1,3,1,1,2
514,6,1,3,2,2,1,1,1,1,2
515,4,1,1,1,1,1,2,1,1,2
516,7,4,4,3,4,10,6,9,1,4
517,4,2,2,1,2,1,2,1,1,2
518,1,1,1,1,1,1,3,1,1,2
519,3,1,1,1,2,1,2,1,1,2
520,2,1,1,1,2,1,2,1,1,2
521,1,1,3,2,2,1,3,1,1,2
522,5,1,1,1,2,1,3,1,1,2
523,5,1,2,1,2,1,3,1,1,2
524,4,1,1,1,2,1,2,1,1,2
525,6,1,1,1,2,1,2,1,1,2
526,5,1,1,1,2,2,2,1,1,2
527,3,1,1,1,2,1,1,1,1,2
528,5,3,1,1,2,1,1,1,1,2
529,4,1,1,1,2,1,2,1,1,2
530,2,1,3,2,2,1,2,1,1,2
531,5,1,1,1,2,1,2,1,1,2
532,6,10,10,10,4,10,7,10,1,4
533,2,1,1,1,1,1,1,1,1,2
534,3,1,1,1,1,1,1,1,1,2
535,7,8,3,7,4,5,7,8,2,4
536,3,1,1,1,2,1,2,1,1,2
537,1,1,1,1,2,1,3,1,1,2
538,3,2,2,2,2,1,4,2,1,2
539,4,4,2,1,2,5,2,1,2,2
540,3,1,1,1,2,1,1,1,1,2
541,4,3,1,1,2,1,4,8,1,2
542,5,2,2,2,1,1,2,1,1,2
543,5,1,1,3,2,1,1,1,1,2
544,2,1,1,1,2,1,2,1,1,2
545,5,1,1,1,2,1,2,1,1,2
546,5,1,1,1,2,1,3,1,1,2
547,5,1,1,1,2,1,3,1,1,2
548,1,1,1,1,2,1,3,1,1,2
549,3,1,1,1,2,1,2,1,1,2
550,4,1,1,1,2,1,3,2,1,2
551,5,7,10,10,5,10,10,10,1,4
552,3,1,2,1,2,1,3,1,1,2
553,4,1,1,1,2,3,2,1,1,2
554,8,4,4,1,6,10,2,5,2,4
555,10,10,8,10,6,5,10,3,1,4
556,8,10,4,4,8,10,8,2,1,4
557,7,6,10,5,3,10,9,10,2,4
558,3,1,1,1,2,1,2,1,1,2
559,1,1,1,1,2,1,2,1,1,2
560,10,9,7,3,4,2,7,7,1,4
561,5,1,2,1,2,1,3,1,1,2
562,5,1,1,1,2,1,2,1,1,2
563,1,1,1,1,2,1,2,1,1,2
564,1,1,1,1,2,1,2,1,1,2
565,1,1,1,1,2,1,3,1,1,2
566,5,1,2,1,2,1,2,1,1,2
567,5,7,10,6,5,10,7,5,1,4
568,6,10,5,5,4,10,6,10,1,4
569,3,1,1,1,2,1,1,1,1,2
570,5,1,1,6,3,1,1,1,1,2
571,1,1,1,1,2,1,1,1,1,2
572,8,10,10,10,6,10,10,10,1,4
573,5,1,1,1,2,1,2,2,1,2
574,9,8,8,9,6,3,4,1,1,4
575,5,1,1,1,2,1,1,1,1,2
576,4,10,8,5,4,1,10,1,1,4
577,2,5,7,6,4,10,7,6,1,4
578,10,3,4,5,3,10,4,1,1,4
579,5,1,2,1,2,1,1,1,1,2
580,4,8,6,3,4,10,7,1,1,4
581,5,1,1,1,2,1,2,1,1,2
582,4,1,2,1,2,1,2,1,1,2
583,5,1,3,1,2,1,3,1,1,2
584,3,1,1,1,2,1,2,1,1,2
585,5,2,4,1,1,1,1,1,1,2
586,3,1,1,1,2,1,2,1,1,2
587,1,1,1,1,1,1,2,1,1,2
588,4,1,1,1,2,1,2,1,1,2
589,5,4,6,8,4,1,8,10,1,4
590,5,3,2,8,5,10,8,1,2,4
591,10,5,10,3,5,8,7,8,3,4
592,4,1,1,2,2,1,1,1,1,2
593,1,1,1,1,2,1,1,1,1,2
594,5,10,10,10,10,10,10,1,1,4
595,5,1,1,1,2,1,1,1,1,2
596,10,4,3,10,3,10,7,1,2,4
597,5,10,10,10,5,2,8,5,1,4
598,8,10,10,10,6,10,10,10,10,4
599,2,3,1,1,2,1,2,1,1,2
600,2,1,1,1,1,1,2,1,1,2
601,4,1,3,1,2,1,2,1,1,2
602,3,1,1,1,2,1,2,1,1,2
603,4,1,1,1,2,1,2,1,1,2
604,5,1,1,1,2,1,2,1,1,2
605,3,1,1,1,2,1,2,1,1,2
606,6,3,3,3,3,2,6,1,1,2
607,7,1,2,3,2,1,2,1,1,2
608,1,1,1,1,2,1,1,1,1,2
609,5,1,1,2,1,1,2,1,1,2
610,3,1,3,1,3,4,1,1,1,2
611,4,6,6,5,7,6,7,7,3,4
612,2,1,1,1,2,5,1,1,1,2
613,2,1,1,1,2,1,1,1,1,2
614,4,1,1,1,2,1,1,1,1,2
615,6,2,3,1,2,1,1,1,1,2
616,5,1,1,1,2,1,2,1,1,2
617,1,1,1,1,2,1,1,1,1,2
618,8,7,4,4,5,3,5,10,1,4
619,3,1,1,1,2,1,1,1,1,2
620,3,1,4,1,2,1,1,1,1,2
621,10,10,7,8,7,1,10,10,3,4
622,4,2,4,3,2,2,2,1,1,2
623,4,1,1,1,2,1,1,1,1,2
624,5,1,1,3,2,1,1,1,1,2
625,4,1,1,3,2,1,1,1,1,2
626,3,1,1,1,2,1,2,1,1,2
627,3,1,1,1,2,1,2,1,1,2
628,1,1,1,1,2,1,1,1,1,2
629,2,1,1,1,2,1,1,1,1,2
630,3,1,1,1,2,1,2,1,1,2
631,1,2,2,1,2,1,1,1,1,2
632,1,1,1,3,2,1,1,1,1,2
633,5,10,10,10,10,2,10,10,10,4
634,3,1,1,1,2,1,2,1,1,2
635,3,1,1,2,3,4,1,1,1,2
636,1,2,1,3,2,1,2,1,1,2
637,5,1,1,1,2,1,2,2,1,2
638,4,1,1,1,2,1,2,1,1,2
639,3,1,1,1,2,1,3,1,1,2
640,3,1,1,1,2,1,2,1,1,2
641,5,1,1,1,2,1,2,1,1,2
642,5,4,5,1,8,1,3,6,1,2
643,7,8,8,7,3,10,7,2,3,4
644,1,1,1,1,2,1,1,1,1,2
645,1,1,1,1,2,1,2,1,1,2
646,4,1,1,1,2,1,3,1,1,2
647,1,1,3,1,2,1,2,1,1,2
648,1,1,3,1,2,1,2,1,1,2
649,3,1,1,3,2,1,2,1,1,2
650,1,1,1,1,2,1,1,1,1,2
651,5,2,2,2,2,1,1,1,2,2
652,3,1,1,1,2,1,3,1,1,2
653,5,7,4,1,6,1,7,10,3,4
654,5,10,10,8,5,5,7,10,1,4
655,3,10,7,8,5,8,7,4,1,4
656,3,2,1,2,2,1,3,1,1,2
657,2,1,1,1,2,1,3,1,1,2
658,5,3,2,1,3,1,1,1,1,2
659,1,1,1,1,2,1,2,1,1,2
660,4,1,4,1,2,1,1,1,1,2
661,1,1,2,1,2,1,2,1,1,2
662,5,1,1,1,2,1,1,1,1,2
663,1,1,1,1,2,1,1,1,1,2
664,2,1,1,1,2,1,1,1,1,2
665,10,10,10,10,5,10,10,10,7,4
666,5,10,10,10,4,10,5,6,3,4
667,5,1,1,1,2,1,3,2,1,2
668,1,1,1,1,2,1,1,1,1,2
669,1,1,1,1,2,1,1,1,1,2
670,1,1,1,1,2,1,1,1,1,2
671,1,1,1,1,2,1,1,1,1,2
672,3,1,1,1,2,1,2,3,1,2
673,4,1,1,1,2,1,1,1,1,2
674,1,1,1,1,2,1,1,1,8,2
675,1,1,1,3,2,1,1,1,1,2
676,5,10,10,5,4,5,4,4,1,4
677,3,1,1,1,2,1,1,1,1,2
678,3,1,1,1,2,1,2,1,2,2
679,3,1,1,1,3,2,1,1,1,2
680,2,1,1,1,2,1,1,1,1,2
681,5,10,10,3,7,3,8,10,2,4
682,4,8,6,4,3,4,10,6,1,4
683,4,8,8,5,4,5,10,4,1,4
