Record,Clump,Cell_Size,Cell_Shape,Adhesion,Epithelial,Nuclei,Chromatin,Nucleoli,Mitoses,Cancer
60,1,1,1,1,2,2,2,1,1,2
391,1,2,1,3,2,1,1,2,1,2
476,1,1,1,1,2,1,1,1,1,2
18,4,1,1,1,2,1,3,1,1,2
11,1,1,1,1,1,1,3,1,1,2
483,4,2,1,1,2,1,1,1,1,2
507,4,1,1,1,3,1,1,1,1,2
382,3,1,1,1,2,1,2,1,1,2
269,1,1,1,1,2,1,2,1,1,2
330,1,1,1,1,2,1,1,1,1,2
81,5,2,1,1,2,1,3,1,1,2
527,3,1,1,1,2,1,1,1,1,2
167,1,1,1,1,2,1,2,1,1,2
120,4,2,1,1,2,2,3,1,1,2
160,4,1,1,1,2,2,3,2,1,2
258,5,1,4,1,2,1,3,2,1,2
521,1,1,3,2,2,1,3,1,1,2
601,4,1,3,1,2,1,2,1,1,2
199,1,1,1,1,2,1,3,1,1,2
164,1,1,1,2,1,1,1,1,1,2
403,1,1,1,1,2,1,2,1,1,2
394,1,1,1,1,2,1,2,1,1,2
23,3,1,1,1,2,1,2,1,1,2
454,4,1,1,1,2,1,1,1,1,2
194,3,1,1,1,2,1,2,1,1,2
17,4,1,1,1,2,1,2,1,1,2
362,1,1,1,1,2,1,1,1,1,2
9,2,1,1,1,2,1,1,1,5,2
506,1,1,1,1,3,1,1,1,1,2
328,1,1,1,1,2,1,3,1,1,2
74,1,1,2,1,2,2,4,2,1,2
457,6,1,1,3,2,1,1,1,1,2
550,4,1,1,1,2,1,3,2,1,2
7,1,1,1,1,2,10,3,1,1,2
609,5,1,1,2,1,1,2,1,1,2
250,3,1,1,1,2,1,2,1,1,2
667,5,1,1,1,2,1,3,2,1,2
214,6,1,3,1,2,1,3,1,1,2
5,4,1,1,3,2,1,3,1,1,2
510,3,1,1,1,2,1,2,1,1,2
524,4,1,1,1,2,1,2,1,1,2
410,3,1,1,1,2,1,1,1,1,2
212,1,1,1,1,2,1,3,1,1,2
220,1,1,1,1,2,1,2,1,1,2
437,5,1,1,1,2,1,1,1,1,2
279,3,1,1,1,3,1,2,1,1,2
377,1,1,1,2,2,1,2,1,1,2
466,5,1,1,1,1,1,1,1,1,2
132,3,1,1,1,2,1,2,2,1,2
282,1,1,1,1,2,1,1,1,1,2
35,2,1,1,1,2,1,2,1,1,2
662,5,1,1,1,2,1,1,1,1,2
455,1,1,2,1,2,1,2,1,1,2
109,1,3,1,2,2,2,5,3,2,2
423,4,1,1,1,2,1,1,1,1,2
283,1,1,1,1,2,1,3,1,1,2
197,1,1,1,1,2,1,3,1,1,2
303,1,1,1,1,1,1,2,1,1,2
171,2,1,1,1,2,1,3,1,1,2
392,1,1,1,1,2,1,2,1,1,2
133,3,1,1,1,3,1,2,1,1,2
144,1,1,1,1,3,2,2,1,1,2
463,4,1,1,1,2,1,1,1,1,2
374,5,3,3,2,3,1,3,1,1,2
462,4,1,2,1,2,1,1,1,1,2
117,1,1,1,1,4,3,1,1,1,2
137,4,1,2,1,2,1,2,1,1,2
334,1,1,1,1,1,1,1,3,1,2
360,5,1,1,2,2,1,2,1,1,2
642,5,4,5,1,8,1,3,6,1,2
37,6,2,1,1,1,1,7,1,1,2
95,2,1,1,2,2,1,1,1,1,2
113,3,3,2,1,2,3,3,1,1,2
444,5,1,2,1,2,1,1,1,1,2
629,2,1,1,1,2,1,1,1,1,2
154,2,1,1,1,2,1,3,1,1,2
431,2,1,1,1,2,1,1,1,1,2
65,4,1,1,1,2,1,3,1,1,2
581,5,1,1,1,2,1,2,1,1,2
461,3,1,1,1,2,1,1,1,1,2
370,2,1,1,1,2,1,1,1,1,2
314,1,1,1,1,2,1,2,1,1,2
558,3,1,1,1,2,1,2,1,1,2
389,5,3,3,1,2,1,2,1,1,2
412,5,3,6,1,2,1,1,1,1,2
165,3,1,1,1,2,1,1,1,1,2
118,3,2,1,1,2,2,3,1,1,2
262,1,1,1,1,2,1,3,1,1,2
529,4,1,1,1,2,1,2,1,1,2
473,10,10,10,10,6,10,8,1,5,4
560,10,9,7,3,4,2,7,7,1,4
108,6,5,4,4,3,9,7,8,3,4
435,5,7,9,8,6,10,8,10,1,4
492,8,10,10,10,7,5,4,8,7,4
574,9,8,8,9,6,3,4,1,1,4
331,7,6,4,8,10,10,9,5,3,4
479,5,10,10,10,6,10,6,5,2,4
48,7,8,7,2,4,8,3,8,2,4
304,5,5,5,2,5,10,4,3,1,4
201,10,10,9,3,7,5,3,5,1,4
340,2,7,10,10,7,10,4,9,4,4
336,4,2,3,5,3,8,7,6,1,4
169,8,6,5,4,3,10,6,1,1,4
149,10,10,8,6,4,5,8,10,1,4
301,8,6,4,10,10,1,3,5,1,4
146,8,8,7,4,10,10,7,8,7,4
532,6,10,10,10,4,10,7,10,1,4
99,10,3,5,1,10,5,3,10,2,4
104,7,3,4,4,3,3,3,2,7,4
56,8,2,4,1,5,1,5,4,4,4
321,8,6,7,3,3,10,3,4,2,4
305,6,8,7,8,6,8,8,9,1,4
67,8,3,8,3,4,9,8,9,8,4
343,5,3,3,1,3,3,3,3,3,4
247,9,10,10,1,10,8,3,3,1,4
174,5,3,3,3,6,10,3,1,1,4
110,8,6,4,3,5,9,3,1,1,4
400,8,5,6,2,3,10,6,6,1,4
222,8,9,9,5,3,5,7,7,1,4
335,3,4,4,10,5,1,3,3,1,4
291,10,10,10,7,9,10,7,10,10,4
556,8,10,4,4,8,10,8,2,1,4
112,10,10,10,3,10,8,8,1,1,4
182,10,5,6,10,6,10,7,7,10,4
228,10,4,5,5,5,10,4,1,1,4
240,8,10,10,8,5,10,7,8,1,4
277,8,10,10,10,8,10,10,7,3,4
577,2,5,7,6,4,10,7,6,1,4
618,8,7,4,4,5,3,5,10,1,4
465,4,8,7,10,4,10,7,5,1,4
567,5,7,10,6,5,10,7,5,1,4
576,4,10,8,5,4,1,10,1,1,4
611,4,6,6,5,7,6,7,7,3,4
64,10,4,2,1,3,2,4,3,10,4
572,8,10,10,10,6,10,10,10,1,4
210,8,7,8,7,5,5,5,10,2,4
148,7,2,4,1,6,10,5,4,3,4
